8.999999999999999667e-02,0.000000000000000000e+00,0.000000000000000000e+00,8.820642589714893234e-01,5.915591957842696313e-01
8.939999999999999336e-02,0.000000000000000000e+00,0.000000000000000000e+00,8.803607758573006592e-01,5.907695794054892424e-01
8.879999999999999005e-02,0.000000000000000000e+00,0.000000000000000000e+00,8.786337639102909103e-01,5.899720387136910826e-01
8.820000000000000062e-02,0.000000000000000000e+00,1.955140018294564391e-04,8.768829767899666283e-01,5.891668866917840752e-01
8.759999999999999731e-02,0.000000000000000000e+00,4.285728378344145877e-04,8.751081648521726875e-01,5.883535625103832878e-01
8.699999999999999400e-02,0.000000000000000000e+00,6.627798106688957865e-04,8.733090750830018179e-01,5.875315710426050053e-01
8.639999999999999070e-02,0.000000000000000000e+00,8.980201270031034798e-04,8.714854510347900263e-01,5.867022158386256958e-01
8.580000000000000127e-02,0.000000000000000000e+00,1.134440931937258498e-03,8.696370327664382227e-01,5.858638804602216421e-01
8.519999999999999796e-02,0.000000000000000000e+00,1.372023302883510799e-03,8.677635567548318551e-01,5.850167998625626087e-01
8.459999999999999465e-02,0.000000000000000000e+00,1.610760397793241849e-03,8.658647558543927092e-01,5.841610751013011082e-01
8.399999999999999134e-02,0.000000000000000000e+00,1.850690408622049062e-03,8.639403592011896116e-01,5.832963045525623169e-01
8.340000000000000191e-02,0.000000000000000000e+00,2.091834132907741551e-03,8.619900921614485068e-01,5.824222808351264824e-01
8.279999999999999860e-02,0.000000000000000000e+00,2.334205881580872759e-03,8.600136762311922922e-01,5.815388692874683407e-01
8.219999999999999529e-02,0.000000000000000000e+00,2.577829635077418836e-03,8.580108290773457158e-01,5.806458272574672730e-01
8.159999999999999198e-02,0.000000000000000000e+00,2.822694527030406020e-03,8.559812641919083420e-01,5.797433026212739371e-01
8.100000000000000255e-02,0.000000000000000000e+00,3.068871776450120270e-03,8.539246910082287645e-01,5.788305239190967288e-01
8.039999999999999925e-02,0.000000000000000000e+00,3.316348957030649386e-03,8.518408148895206811e-01,5.779076569049179657e-01
7.979999999999999594e-02,0.000000000000000000e+00,3.565133654912844719e-03,8.497293368527057966e-01,5.769746437427607511e-01
7.919999999999999263e-02,0.000000000000000000e+00,3.815319177311668128e-03,8.475899777528110857e-01,5.760304644388036799e-01
7.860000000000000320e-02,0.000000000000000000e+00,4.066822852229408890e-03,8.454223797032146548e-01,5.750760748456036353e-01
7.799999999999999989e-02,0.000000000000000000e+00,4.319743196938493311e-03,8.432262584559936380e-01,5.741103965154126243e-01
7.739999999999999658e-02,0.000000000000000000e+00,4.574070146545774172e-03,8.410012968177614789e-01,5.731335707927374123e-01
7.679999999999999327e-02,0.000000000000000000e+00,4.829888439123060893e-03,8.387471638119348150e-01,5.721446729634838135e-01
7.620000000000000384e-02,0.000000000000000000e+00,5.087105535920457069e-03,8.364635437272105456e-01,5.711447735600687636e-01
7.560000000000000053e-02,0.000000000000000000e+00,5.345860585410437162e-03,8.341501055570296197e-01,5.701323354441685254e-01
7.499999999999999722e-02,0.000000000000000000e+00,5.606144983198489175e-03,8.318065042739036796e-01,5.691074847434809403e-01
7.439999999999999392e-02,0.000000000000000000e+00,5.867979459672025000e-03,8.294324098606903339e-01,5.680700177357120850e-01
7.380000000000000449e-02,0.000000000000000000e+00,6.131373770625450463e-03,8.270274608792874682e-01,5.670198549515981234e-01
7.320000000000000118e-02,0.000000000000000000e+00,6.396363477726779538e-03,8.245913147217192041e-01,5.659566261234278972e-01
7.259999999999999787e-02,0.000000000000000000e+00,6.663023021079437364e-03,8.221236098126225578e-01,5.648795216390176677e-01
7.199999999999999456e-02,0.000000000000000000e+00,6.931334830542455056e-03,8.196239914382679181e-01,5.637887713550993052e-01
7.139999999999999125e-02,0.000000000000000000e+00,7.201374470592803410e-03,8.170920797758886023e-01,5.626835528360922822e-01
7.080000000000000182e-02,0.000000000000000000e+00,7.473113141485829107e-03,8.145275057047192124e-01,5.615642241769749354e-01
7.019999999999999851e-02,0.000000000000000000e+00,7.746621499484340582e-03,8.119298862786328286e-01,5.604300187126769472e-01
6.959999999999999520e-02,0.000000000000000000e+00,8.021951823470275730e-03,8.092988360258026592e-01,5.592803772972891885e-01
6.900000000000000577e-02,0.000000000000000000e+00,8.299068149593498769e-03,8.066339598039757863e-01,5.581157412061341638e-01
6.840000000000000246e-02,0.000000000000000000e+00,8.578103232033656295e-03,8.039348544729644219e-01,5.569346393961116526e-01
6.779999999999999916e-02,0.000000000000000000e+00,8.859035664909274688e-03,8.012011191533295884e-01,5.557373487226575648e-01
6.719999999999999585e-02,0.000000000000000000e+00,9.141942070669846834e-03,7.984323390469619808e-01,5.545230342147449143e-01
6.659999999999999254e-02,0.000000000000000000e+00,9.426846218732189489e-03,7.956280924130081367e-01,5.532914608553523017e-01
6.600000000000000311e-02,0.000000000000000000e+00,9.713723343514366754e-03,7.927879548151871569e-01,5.520429462299427659e-01
6.539999999999999980e-02,0.000000000000000000e+00,1.000278422987874866e-02,7.899114433536564839e-01,5.507751294614755544e-01
6.479999999999999649e-02,0.000000000000000000e+00,1.029385837584169579e-02,7.869981947713837744e-01,5.494899867360385493e-01
6.420000000000000706e-02,0.000000000000000000e+00,1.058714064783462978e-02,7.840477240814587301e-01,5.481853376435164016e-01
6.360000000000000375e-02,0.000000000000000000e+00,1.088261456480450577e-02,7.810595730470731857e-01,5.468614071922019981e-01
6.300000000000000044e-02,0.000000000000000000e+00,1.118038460044119137e-02,7.780332848187763162e-01,5.455170426989872645e-01
6.239999999999999714e-02,0.000000000000000000e+00,1.148043350642373971e-02,7.749683569582396236e-01,5.441524793078129640e-01
6.180000000000000077e-02,0.000000000000000000e+00,1.178288255614050317e-02,7.718643350965568306e-01,5.427663723894422532e-01
6.119999999999999746e-02,0.000000000000000000e+00,1.208771841362186322e-02,7.687207181528146194e-01,5.413589136253840195e-01
6.060000000000000109e-02,0.000000000000000000e+00,1.239503605356929820e-02,7.655370045611992191e-01,5.399290584512039803e-01
5.999999999999999778e-02,0.000000000000000000e+00,1.270491771041103342e-02,7.623126856054275313e-01,5.384759071701006317e-01
5.939999999999999447e-02,0.000000000000000000e+00,1.301733398362898281e-02,7.590472415645511672e-01,5.369998372835476097e-01
5.879999999999999810e-02,0.000000000000000000e+00,1.333242253357572009e-02,7.557401443465752156e-01,5.354993156751270966e-01
5.820000000000000173e-02,0.000000000000000000e+00,1.365023211243107486e-02,7.523908534831411643e-01,5.339738261250550622e-01
5.759999999999999842e-02,0.000000000000000000e+00,1.397077464910037592e-02,7.489988170030207337e-01,5.324232751547572917e-01
5.700000000000000205e-02,0.000000000000000000e+00,1.429421633556791221e-02,7.455634773560317896e-01,5.308458012197991849e-01
5.639999999999999875e-02,0.000000000000000000e+00,1.462057169679261033e-02,7.420842644172034319e-01,5.292412812157136770e-01
5.580000000000000238e-02,0.000000000000000000e+00,1.494982114924645750e-02,7.385605949410249949e-01,5.276099854221603103e-01
5.519999999999999907e-02,0.000000000000000000e+00,1.528219411753591571e-02,7.349918746796538782e-01,5.259493252114619821e-01
5.460000000000000270e-02,0.000000000000000000e+00,1.561765214787570917e-02,7.313774978152826067e-01,5.242597881703474627e-01
5.399999999999999939e-02,0.000000000000000000e+00,1.595630997127020501e-02,7.277168517285103055e-01,5.225401027466258785e-01
5.340000000000000302e-02,0.000000000000000000e+00,1.629824573835231966e-02,7.240092880400877950e-01,5.207894177363796562e-01
5.279999999999999971e-02,0.000000000000000000e+00,1.664355762264190311e-02,7.202541205159441740e-01,5.190066515980999995e-01
5.220000000000000334e-02,0.000000000000000000e+00,1.699232918001463560e-02,7.164507949396929920e-01,5.171908910987026431e-01
5.160000000000000003e-02,2.393360117458609437e-04,1.734457853316933099e-02,7.125985891857945509e-01,5.153419778874155366e-01
5.099999999999999672e-02,7.800831375015855216e-04,1.770046327291929442e-02,7.086968171615637413e-01,5.134581464956509134e-01
5.040000000000000036e-02,1.325595488063428589e-03,1.806008134955190345e-02,7.047447781452864657e-01,5.115383185241457742e-01
4.979999999999999705e-02,1.875937524532873780e-03,1.842346600037726365e-02,7.007417557884472181e-01,5.095821633416366403e-01
4.920000000000000068e-02,2.431175114822648180e-03,1.879072739847617232e-02,6.966870186200633253e-01,5.075884630641656070e-01
4.859999999999999737e-02,2.991375858925693701e-03,1.916431814789612206e-02,6.925798163435328281e-01,5.055289080938150104e-01
4.800000000000000100e-02,3.556608599439310420e-03,1.953731879257145435e-02,6.884193855541524965e-01,5.034835831771951042e-01
4.739999999999999769e-02,4.126944159660014821e-03,1.991685043787662021e-02,6.842049412678322673e-01,5.013701851099421347e-01
4.680000000000000132e-02,4.702454806237063231e-03,2.030067359471637509e-02,6.799356832030510889e-01,4.992146729016364581e-01
4.619999999999999801e-02,5.283214668057627933e-03,2.068889492887104886e-02,6.756107910056455834e-01,4.970158713445840259e-01
4.560000000000000164e-02,5.869299698928930921e-03,2.108160538285827612e-02,6.712294247550963933e-01,4.947727883838171081e-01
4.499999999999999833e-02,6.460787736474650315e-03,2.147892502370898557e-02,6.667907243628615754e-01,4.924840952724554022e-01
4.440000000000000197e-02,7.057758586790808565e-03,2.188097539810330769e-02,6.622938086768782595e-01,4.901484467757457608e-01
4.379999999999999866e-02,7.660294108878435565e-03,2.228788925901274351e-02,6.577377745934428477e-01,4.877643682534191782e-01
4.320000000000000229e-02,8.268478270165812577e-03,2.269989956748795848e-02,6.531216965105904881e-01,4.853292206291042188e-01
4.259999999999999898e-02,8.882390668904808703e-03,2.311664127637922186e-02,6.484447017932333246e-01,4.828473199943799088e-01
4.200000000000000261e-02,9.502132495344003602e-03,2.353876447749810030e-02,6.437056689085698391e-01,4.803111803038615513e-01
4.139999999999999930e-02,1.012779252119994609e-02,2.396617764430048966e-02,6.389036230213592793e-01,4.777219405186214907e-01
4.080000000000000293e-02,1.075945800041869238e-02,2.439906300275948570e-02,6.340376095899054043e-01,4.750775567948473110e-01
4.019999999999999962e-02,1.139722619548412530e-02,2.483750607395622881e-02,6.291065602321228578e-01,4.723771132822416341e-01
3.960000000000000325e-02,1.204119634561169085e-02,2.528165660502188980e-02,6.241093863347467741e-01,4.696189479308454651e-01
3.899999999999999994e-02,1.269146958843405532e-02,2.573164900593994178e-02,6.190449801515444106e-01,4.668015794275195418e-01
3.840000000000000357e-02,1.334815101925859206e-02,2.618758572485110903e-02,6.139121909496407792e-01,4.639239021958014852e-01
3.780000000000000027e-02,1.401134824691468821e-02,2.664996118102320663e-02,6.087098420379060126e-01,4.609802325344871665e-01
3.720000000000000390e-02,1.468117207685466254e-02,2.711793760583769072e-02,6.034367229936170585e-01,4.579804605577946219e-01
3.660000000000000059e-02,1.535773671430531485e-02,2.759262244320412685e-02,5.980915874970647028e-01,4.549117425281288263e-01
3.600000000000000422e-02,1.604115989610783652e-02,2.807384110960356449e-02,5.926731520139569831e-01,4.517762232980331305e-01
3.540000000000000091e-02,1.673156319400851202e-02,2.856174367591902963e-02,5.871800924865241411e-01,4.485722564547709457e-01
3.480000000000000454e-02,1.742907205564514506e-02,2.905648083483734767e-02,5.816110441120305730e-01,4.452981922250407454e-01
3.420000000000000123e-02,1.813381603212513987e-02,2.955828241632659295e-02,5.759645989578813241e-01,4.419514568554809841e-01
3.360000000000000486e-02,1.884592904562266621e-02,3.006706475109799034e-02,5.702393031269989976e-01,4.385331588078282827e-01
3.300000000000000155e-02,1.956554892349579577e-02,3.058323161547511770e-02,5.644336625583553646e-01,4.350386936246013470e-01
3.239999999999999825e-02,2.029281899862905858e-02,3.110687440679081942e-02,5.585461246012825010e-01,4.314671264136935580e-01
3.180000000000000188e-02,2.102788767091247693e-02,3.163825508604183046e-02,5.525750835345933920e-01,4.278155247278023765e-01
3.119999999999999857e-02,2.177090801335743522e-02,3.217782302856292409e-02,5.465188856208134105e-01,4.240787549460813821e-01
3.060000000000000220e-02,2.252203888742988422e-02,3.272438141759712732e-02,5.403758164560539257e-01,4.202710620577438938e-01
2.999999999999999889e-02,2.328144259479868194e-02,3.327965143838283041e-02,5.341441291221150633e-01,4.163723651146289395e-01
2.940000000000000252e-02,2.404929739863937224e-02,3.384330302371716531e-02,5.278218972359354222e-01,4.123867248052768275e-01
2.879999999999999921e-02,2.482577761006708392e-02,3.441571096756260856e-02,5.214072500478778016e-01,4.083099124622835419e-01
2.820000000000000284e-02,2.561106830893704681e-02,3.499648032901923889e-02,5.148981997488794038e-01,4.041467869671533375e-01
2.759999999999999953e-02,2.640537015963322423e-02,3.558656705814187277e-02,5.082925851840696119e-01,3.998862836800705090e-01
2.699999999999999623e-02,2.720885941851367007e-02,3.618554201227717343e-02,5.015885448324591822e-01,3.955336920971730397e-01
2.640000000000000679e-02,2.802176965850395815e-02,3.679412500302353672e-02,4.947835526881746993e-01,3.910807494880188528e-01
2.580000000000000349e-02,2.884431132355980490e-02,3.741236967546839737e-02,4.878753690291661171e-01,3.865270719229294549e-01
2.520000000000000018e-02,2.967671060580883910e-02,3.804039863732113641e-02,4.808615824450145348e-01,3.818714783975070137e-01
2.459999999999999687e-02,3.051920685301274735e-02,3.867863829737889364e-02,4.737396414602565442e-01,3.771092087373761892e-01
2.400000000000000744e-02,3.137204994011379838e-02,3.932736509624645133e-02,4.665068868371488042e-01,3.722372915627638612e-01
2.340000000000000413e-02,3.223550138701961748e-02,3.998665035653362065e-02,4.591605397332774730e-01,3.672552052977520187e-01
2.280000000000000082e-02,3.310983161362874433e-02,4.065689867310868372e-02,4.516977358228098094e-01,3.621584999129290328e-01
2.219999999999999751e-02,3.399533107247074831e-02,4.133841316723923381e-02,4.441153949979115834e-01,3.569439482172414024e-01
2.160000000000000808e-02,3.489230368602198179e-02,4.203170675174960902e-02,4.364103010210507172e-01,3.516058545564175741e-01
2.100000000000000477e-02,3.580106692814353370e-02,4.273667912352629994e-02,4.285791027568959799e-01,3.461458318638532816e-01
2.040000000000000147e-02,3.672195665050506652e-02,4.345392947088936447e-02,4.206182592767122586e-01,3.405572149730438092e-01
1.979999999999999816e-02,3.765534342545036328e-02,4.418394350048352598e-02,4.125238480636732596e-01,3.348347131880702321e-01
1.920000000000000873e-02,3.860157866702914470e-02,4.492676475542484171e-02,4.042922090501170906e-01,3.289783316819163694e-01
1.860000000000000542e-02,3.956107246156686380e-02,4.568312136689892111e-02,3.959190222322283015e-01,3.229799672671114230e-01
1.800000000000000211e-02,4.053424871406062502e-02,4.645347254736790360e-02,3.873998450385601755e-01,3.168347556727681980e-01
1.739999999999999880e-02,4.152155847880076994e-02,4.723799353035326026e-02,3.787299582113442531e-01,3.105412662277780012e-01
1.680000000000000937e-02,4.252348272496933590e-02,4.803729336373537689e-02,3.699043379582957480e-01,3.040929508306671192e-01
1.620000000000000606e-02,4.354053301929882575e-02,4.885205266016185571e-02,3.609176537379311100e-01,2.974824616782845155e-01
1.560000000000000275e-02,4.457326289761569943e-02,4.968276096333215652e-02,3.517641393206287215e-01,2.907047952450543260e-01
1.499999999999999944e-02,4.562226827597843509e-02,5.052993327761648445e-02,3.424375956540889887e-01,2.837547193417240265e-01
1.440000000000001001e-02,4.668818297393120126e-02,5.139429006061357885e-02,3.329314536794668045e-01,2.766246294425172003e-01
1.380000000000000671e-02,4.777169905527068466e-02,5.227657923813011642e-02,3.232385420275586951e-01,2.693066846501415146e-01
1.320000000000000340e-02,4.887356554695173466e-02,5.317738915524278936e-02,3.133511150308908033e-01,2.617950621532376676e-01
1.260000000000000009e-02,4.999460153646840405e-02,5.409767141038574617e-02,3.032607111320843041e-01,2.540797135900902948e-01
1.199999999999999678e-02,5.113567506333796531e-02,5.503836495575772231e-02,2.929584243031561619e-01,2.461508810665546942e-01
1.140000000000000735e-02,5.229779250099595572e-02,5.600043623298961437e-02,2.824338545590457383e-01,2.379986409013081783e-01
1.080000000000000404e-02,5.348200939119843178e-02,5.698495966688776199e-02,2.716762038642288601e-01,2.296119662573699038e-01
1.020000000000000073e-02,5.468952721954142143e-02,5.799357198312097422e-02,2.606731484790376641e-01,2.209733012873271729e-01
9.599999999999997424e-03,5.592167542456880081e-02,5.902649751926077742e-02,2.494110955932234419e-01,2.120823276144838676e-01
9.000000000000007994e-03,5.717994663737824279e-02,6.008629560913053558e-02,2.378748118079800078e-01,2.029109914541693538e-01
8.400000000000004685e-03,5.846606001149514537e-02,6.117430735247447737e-02,2.260467271918219778e-01,1.934462624886661430e-01
7.800000000000001377e-03,5.978190406916269323e-02,6.229260332772898479e-02,2.139077084786954186e-01,1.836668117099247155e-01
7.199999999999998068e-03,6.112971486090350987e-02,6.344332914812757240e-02,2.014350274825452702e-01,1.735509939689146020e-01
6.600000000000008638e-03,6.251207749673903802e-02,6.462899188812556983e-02,1.886024924825829563e-01,1.630735536657439422e-01
6.000000000000005329e-03,6.393204232858216984e-02,6.585304710184984589e-02,1.753792554711848806e-01,1.521987500340273858e-01
5.400000000000002021e-03,6.539326093180686250e-02,6.711867705312617172e-02,1.617284645602793669e-01,1.408953855587924409e-01
4.799999999999998712e-03,6.690019580721269510e-02,6.843079138304893061e-02,1.476051591673677443e-01,1.291130956354917814e-01
4.200000000000009281e-03,6.845841639062444361e-02,6.979483985016711467e-02,1.329533401892078193e-01,1.167973161792361658e-01
3.600000000000005973e-03,7.007505680981512830e-02,7.121827818800677279e-02,1.177014632289501289e-01,1.038726033887695799e-01
3.000000000000002665e-03,7.175970902725865852e-02,7.270984588953807726e-02,1.017533683869174116e-01,9.025309918624668803e-02
2.399999999999999356e-03,7.352578065717806088e-02,7.428387960257705480e-02,8.497501682219703312e-02,7.579351562439695655e-02
1.800000000000009925e-03,7.539346691223777763e-02,7.596054643915588211e-02,6.716500243116352298e-02,6.029276907820668718e-02
1.200000000000006617e-03,7.739707129423085974e-02,7.777391910239790651e-02,4.798167035306052236e-02,4.341198588812322789e-02
6.000000000000033085e-04,7.960855225903902543e-02,7.979656806963908444e-02,2.670994701061121107e-02,2.442865413399197827e-02
