log10_total_rounds,key_rate,bit_error_entropy,phase_error_entropy,optimized_renyi_parameter
5.000000000000000000e+00,0.000000000000000000e+00,3.740329204671607455e-01,1.173126399420970856e+00,1.889361338249868350e-01
5.055555555555555358e+00,0.000000000000000000e+00,3.669051371097966086e-01,1.131137678183889994e+00,1.799867107606872296e-01
5.111111111111110716e+00,0.000000000000000000e+00,3.602120356552123148e-01,1.091805042120654212e+00,1.712744206352576071e-01
5.166666666666666963e+00,0.000000000000000000e+00,3.539278009780886802e-01,1.054946149779523834e+00,1.629094857369911276e-01
5.222222222222222321e+00,0.000000000000000000e+00,3.480280208654113472e-01,1.020396205702101877e+00,1.549192364252845178e-01
5.277777777777777679e+00,0.000000000000000000e+00,3.424896359147331371e-01,9.880009309640088722e-01,1.471523111505399495e-01
5.333333333333333037e+00,0.000000000000000000e+00,3.372908854156719261e-01,9.576201311915181202e-01,1.397713786284380255e-01
5.388888888888889284e+00,0.000000000000000000e+00,3.324112508506010255e-01,9.291233247667187722e-01,1.326508248268967738e-01
5.444444444444444642e+00,0.000000000000000000e+00,3.278313982813967353e-01,9.023895712675348291e-01,1.259755790783264884e-01
5.500000000000000000e+00,0.000000000000000000e+00,3.235331205937186372e-01,8.773064179973056875e-01,1.194576573801935659e-01
5.555555555555555358e+00,0.000000000000000000e+00,3.194992803345024779e-01,8.537829994215528906e-01,1.133328425779099036e-01
5.611111111111110716e+00,0.000000000000000000e+00,3.157137536905691988e-01,8.318351378137182062e-01,1.076627354051525737e-01
5.666666666666666963e+00,0.000000000000000000e+00,3.121613760074587463e-01,8.113766623422239421e-01,1.025579516164713267e-01
5.722222222222222321e+00,0.000000000000000000e+00,3.088278891306757146e-01,7.922982001447014255e-01,9.725593768136878148e-02
5.777777777777777679e+00,0.000000000000000000e+00,3.056998907589402181e-01,7.745000373181127884e-01,9.218908840304926300e-02
5.833333333333333037e+00,0.000000000000000000e+00,3.027647859282187048e-01,7.578893210410260206e-01,8.751453579717474729e-02
5.888888888888889284e+00,0.000000000000000000e+00,3.000107406885207939e-01,7.423810305776591401e-01,8.295811180064328882e-02
5.944444444444444642e+00,0.000000000000000000e+00,2.974266379952755779e-01,7.278966890011906443e-01,7.854436724939177494e-02
6.000000000000000000e+00,0.000000000000000000e+00,2.950020358010997379e-01,7.143638393900565431e-01,7.444050249065825575e-02
6.055555555555555358e+00,0.000000000000000000e+00,2.927271273141873187e-01,7.017164020716615269e-01,7.035476080362172702e-02
6.111111111111110716e+00,1.223124868044986715e-03,2.905927033684702621e-01,6.898919073055648221e-01,6.671924410536347883e-02
6.166666666666666075e+00,2.403451081504310270e-03,2.885901168396993732e-01,6.788338745811782760e-01,6.295872887349343583e-02
6.222222222222222321e+00,3.505017059005712671e-03,2.867112490329002950e-01,6.684895496901001044e-01,5.962798709014719561e-02
6.277777777777777679e+00,4.533476856038142974e-03,2.849484779608972840e-01,6.588101409106885686e-01,5.649750187244703681e-02
6.333333333333333037e+00,5.494002511277833005e-03,2.832946484300781775e-01,6.497508783502602414e-01,5.338684083144840109e-02
6.388888888888889284e+00,6.391450789850023836e-03,2.817430438502313006e-01,6.412692396339321199e-01,5.041214860122437968e-02
6.444444444444444642e+00,7.230188418501369216e-03,2.802873596814950963e-01,6.333271216936117165e-01,4.760752594083690614e-02
6.500000000000000000e+00,8.014292235638060397e-03,2.789216784371077451e-01,6.258886455559479201e-01,4.498696789038052896e-02
6.555555555555555358e+00,8.747603523992047297e-03,2.776404461592501538e-01,6.189196397274933092e-01,4.245306075656263972e-02
6.611111111111110716e+00,9.433527471595162806e-03,2.764384502888128647e-01,6.123900694676156498e-01,4.014314474306381747e-02
6.666666666666666075e+00,1.007533216767467557e-02,2.753107988525284044e-01,6.062706573791696307e-01,3.771813836769034867e-02
6.722222222222222321e+00,1.067602371145227706e-02,2.742529008947245384e-01,6.005344141501783861e-01,3.572965668499459430e-02
6.777777777777777679e+00,1.123832835476239883e-02,2.732604480817141801e-01,5.951569184437021098e-01,3.370775791516687769e-02
6.833333333333333037e+00,1.176483891407268702e-02,2.723293974145928331e-01,5.901146825892878978e-01,3.171452336806816763e-02
6.888888888888889284e+00,1.225793078450721288e-02,2.714559549823486462e-01,5.853861855969467731e-01,2.989433666345429896e-02
6.944444444444444642e+00,1.271995126929089011e-02,2.706365606991897321e-01,5.809497279343729392e-01,2.826442683098956757e-02
7.000000000000000000e+00,1.315857461765876542e-02,2.698678739655003267e-01,5.767213256235887986e-01,2.663729497958058912e-02
7.055555555555555358e+00,1.357790282797152227e-02,2.691467601986311520e-01,5.726580400287895056e-01,2.502708533544661940e-02
7.111111111111110716e+00,1.397866358745362796e-02,2.684702781830898277e-01,5.687557183100755420e-01,2.353067465411709525e-02
7.166666666666666075e+00,1.436157992973661687e-02,2.678356681901053471e-01,5.650099178340866057e-01,2.221045842345473892e-02
7.222222222222222321e+00,1.472724767188510718e-02,2.672403408205887287e-01,5.614173593376858840e-01,2.088864041080190637e-02
7.277777777777777679e+00,1.507626887665409858e-02,2.666818665309204084e-01,5.579744055351206766e-01,1.965909580460692418e-02
7.333333333333333037e+00,1.540934563968631224e-02,2.661579657956832934e-01,5.546759975137964815e-01,1.851861930543111795e-02
7.388888888888889284e+00,1.572703650079602250e-02,2.656664998735994709e-01,5.515185044372720169e-01,1.745194223579910053e-02
7.444444444444444642e+00,1.602987687646505177e-02,2.652054621378618915e-01,5.484983461106432978e-01,1.644652286375689401e-02
7.500000000000000000e+00,1.631843944544808522e-02,2.647729699376100698e-01,5.456113105404650776e-01,1.544080360712161461e-02
7.555555555555555358e+00,1.659331526356086148e-02,2.643672569576770437e-01,5.428527898112879280e-01,1.456274948208359683e-02
7.611111111111110716e+00,1.685497093475450334e-02,2.639866660472600102e-01,5.402194529482680085e-01,1.368167643731325010e-02
7.666666666666666075e+00,1.710396697501838370e-02,2.636296424878936673e-01,5.377067252332564662e-01,1.285119374495076114e-02
7.722222222222221433e+00,1.734079879865055296e-02,2.632947276767730882e-01,5.353106462632217788e-01,1.211010995916067187e-02
7.777777777777777679e+00,1.756595767189093188e-02,2.629805531949827579e-01,5.330271738527051495e-01,1.140539050871664656e-02
7.833333333333333037e+00,1.777991687343117785e-02,2.626858352433481536e-01,5.308523549969267341e-01,1.072249138072801922e-02
7.888888888888889284e+00,1.798315132732920818e-02,2.624093694177194735e-01,5.287821074280427691e-01,1.011363054235375411e-02
7.944444444444444642e+00,1.817608755527262698e-02,2.621500258082776758e-01,5.268128090852240986e-01,9.505339929100265275e-03
8.000000000000000000e+00,1.835919542411757616e-02,2.619067443987567190e-01,5.249402411073171848e-01,8.940645526678971805e-03
8.055555555555555358e+00,1.853289820946411176e-02,2.616785307492922596e-01,5.231606388496893301e-01,8.414495826890716623e-03
8.111111111111110716e+00,1.869760483791198941e-02,2.614644519448722781e-01,5.214703242363292190e-01,7.934748342843175872e-03
8.166666666666666075e+00,1.885368755336221461e-02,2.612636327947698289e-01,5.198659709894860592e-01,7.452021829898671998e-03
8.222222222222221433e+00,1.900158869900753569e-02,2.610752522647413199e-01,5.183433707911955235e-01,7.013700138183953312e-03
8.277777777777778567e+00,1.914169849758742825e-02,2.608985401294131590e-01,5.168988568781592852e-01,6.579132336589289115e-03
8.333333333333332149e+00,1.927429078594147804e-02,2.607327738322250954e-01,5.155300545818944924e-01,6.202690463947192583e-03
8.388888888888889284e+00,1.939978099097873152e-02,2.605772755373956251e-01,5.142328914302991549e-01,5.831420581988992075e-03
8.444444444444444642e+00,1.951851821410082247e-02,2.604314093654599982e-01,5.130040142335733355e-01,5.488054512201224165e-03
8.500000000000000000e+00,1.963081584230278592e-02,2.602945787981679748e-01,5.118404374225328235e-01,5.161478499299846853e-03
8.555555555555555358e+00,1.973698360912216898e-02,2.601662242438861350e-01,5.107391742754302522e-01,4.853177886598385171e-03
8.611111111111110716e+00,1.983733139207989951e-02,2.600458207545383593e-01,5.096971959224165794e-01,4.563812011203315609e-03
8.666666666666666075e+00,1.993214484913105600e-02,2.599328758817978646e-01,5.087117169631035773e-01,4.279993460783085464e-03
8.722222222222221433e+00,2.002170605005622328e-02,2.598269276658794480e-01,5.077799586377764740e-01,4.037704313467252622e-03
8.777777777777778567e+00,2.010628934387802963e-02,2.597275427503671907e-01,5.068991992193596641e-01,3.797709254956383503e-03
8.833333333333332149e+00,2.018614281805807334e-02,2.596343146107206179e-01,5.060669914542539338e-01,3.571518960095260761e-03
8.888888888888889284e+00,2.026150243975493800e-02,2.595468618968175267e-01,5.052810005104992896e-01,3.357664581510080761e-03
8.944444444444444642e+00,2.033262521472380124e-02,2.594648268706705729e-01,5.045386210538332916e-01,3.155548243332710959e-03
9.000000000000000000e+00,2.039971838557291806e-02,2.593878739490696472e-01,5.038378007840981221e-01,2.972596709326658267e-03
9.055555555555555358e+00,2.046300629853872038e-02,2.593156883293344928e-01,5.031762660124977637e-01,2.791408893942575777e-03
9.111111111111110716e+00,2.052268353122048070e-02,2.592479747068697216e-01,5.025520672144130341e-01,2.624644441795850533e-03
9.166666666666666075e+00,2.057895165818127842e-02,2.591844560611215043e-01,5.019631537483838502e-01,2.469198639483358333e-03
9.222222222222221433e+00,2.063199219223440378e-02,2.591248725337624847e-01,5.014076892273026109e-01,2.322365768442503052e-03
9.277777777777778567e+00,2.068198228616501683e-02,2.590689803546538106e-01,5.008838705233674693e-01,2.180663684752490606e-03
9.333333333333332149e+00,2.072908941658248294e-02,2.590165508575411057e-01,5.003899906046751500e-01,2.052098117808571955e-03
9.388888888888889284e+00,2.077347124642869858e-02,2.589673695352589511e-01,4.999244412085900868e-01,1.929068385606100798e-03
9.444444444444444642e+00,2.081528234771153410e-02,2.589212351674507473e-01,4.994856358040811739e-01,1.804476743031124646e-03
9.500000000000000000e+00,2.085465939923648870e-02,2.588779589973068118e-01,4.990721823189632200e-01,1.705098532419200251e-03
9.555555555555555358e+00,2.089174476801897509e-02,2.588373639627115086e-01,4.986826103037256819e-01,1.602805505596404702e-03
9.611111111111110716e+00,2.092666547269699320e-02,2.587992839649752574e-01,4.983156159016207121e-01,1.507031940217851097e-03
9.666666666666666075e+00,2.095954577834648752e-02,2.587635631967777905e-01,4.979699164102012743e-01,1.417503343033246852e-03
9.722222222222221433e+00,2.099050212274754593e-02,2.587300554985883516e-01,4.976443098743593141e-01,1.331612458418041621e-03
9.777777777777778567e+00,2.101962746819955111e-02,2.586986237699697155e-01,4.973378573484752430e-01,1.252105053945272613e-03
9.833333333333332149e+00,2.104704776668856261e-02,2.586691394003072797e-01,4.970492281556391223e-01,1.179561901758543682e-03
9.888888888888889284e+00,2.107285684434948708e-02,2.586414817431745283e-01,4.967774562127763027e-01,1.105218216083791311e-03
9.944444444444442865e+00,2.109713477989309804e-02,2.586155376307389120e-01,4.965217272456694531e-01,1.040021059663100763e-03
1.000000000000000000e+01,2.111998218830071425e-02,2.585912009057740324e-01,4.962809813789083591e-01,9.784127370529743274e-04
1.005555555555555536e+01,2.114147785856688652e-02,2.585683719815665138e-01,4.960544052782365210e-01,9.185802973303357037e-04
1.011111111111111072e+01,2.116169973733802306e-02,2.585469574442297302e-01,4.958411890287378609e-01,8.636576004220316346e-04
1.016666666666666607e+01,2.118072214774848611e-02,2.585268696703231228e-01,4.956405588186911237e-01,8.121320640586181337e-04
1.022222222222222143e+01,2.119861479116986677e-02,2.585080264584868615e-01,4.954517889135315878e-01,7.631123779984925679e-04
1.027777777777777857e+01,2.121544355907369755e-02,2.584903507034257419e-01,4.952741925762071395e-01,7.174569445698294676e-04
1.033333333333333215e+01,2.123127067598059095e-02,2.584737700756669643e-01,4.951071207433859200e-01,6.742685311317627057e-04
1.038888888888888928e+01,2.124615504301765809e-02,2.584582167248541396e-01,4.949499583479734510e-01,6.339552039108307772e-04
1.044444444444444287e+01,2.126015144216791483e-02,2.584436270088419918e-01,4.948021338375082623e-01,5.958185901036196349e-04
1.050000000000000000e+01,2.127331258781275242e-02,2.584299412270386065e-01,4.946630956400620005e-01,5.598804333131335428e-04
