log10_total_rounds,key_rate,bit_error_entropy,phase_error_entropy,empirical_no_phase_no_bit,empirical_phase_no_bit,empirical_no_phase_bit,empirical_phase_bit,empirical_rejected,affine_coefficient_0,affine_coefficient_1,affine_coefficient_2,affine_coefficient_3,affine_coefficient_4
5.0,0.0,0.37403292046716236,1.000000011534505,0.03026821284426152,0.030269131311569566,0.012811442989260386,0.012810514683026642,0.9138406992,0.7434055855612742,1.312321734880786,3.4242308145497926,0.1410719733984258,-0.0
5.055555555555555,0.0,0.3669051371097834,1.0000000117766679,0.03038386043630022,0.0303847537484373,0.012695824737272335,0.012694862928413613,0.9138406992,0.7404576360171636,1.3167058280944566,3.4567606222028937,0.13777101173976036,-0.0
5.111111111111111,0.0,0.36021203565512705,1.0000000117030288,0.03060280388390412,0.030603919513164577,0.012476742896355687,0.012475835553368632,0.9138406992,0.7376788915370389,1.3208588304138806,3.4884295901094102,0.1346356302614815,-0.0
5.166666666666667,0.0,0.3539278009780853,1.0000000119430754,0.03073294040883618,0.03073410358760336,0.012346580861080824,0.012345677011230452,0.9138406992,0.7350512027738678,1.3248044715764713,3.519318965927364,0.13164946173018088,-0.0
5.222222222222222,0.0,0.34802802086540946,1.0000000123196489,0.030803442433779804,0.03080451749266094,0.012276139669566501,0.012275202304793266,0.9138406992,0.7325630575689072,1.328557164195169,3.5494314103911786,0.12880483129802878,-0.0
5.277777777777778,0.0,0.34248963591472886,1.0000000119101038,0.03004931575115671,0.030050357520179226,0.013030269161257466,0.013029359429507777,0.9138406992,0.7146079993576456,1.3561278887417436,3.3889601358882566,0.14474390022941863,-0.0
5.333333333333333,0.0,0.33729088541566643,1.0000000125489896,0.029413513598422526,0.029414274271311318,0.013666259344582305,0.013665254700629358,0.9138406992,0.6952012940865155,1.3869328812818498,3.2299366504065925,0.16259621708880778,-0.0
5.388888888888889,0.0,0.3324112508505991,1.0000000204493713,0.03149523001914484,0.03150010231999255,0.01158242632642445,0.011581544192408717,0.9138406992,0.6765097896563084,1.4176448676897913,3.0929830131900307,0.17983882441348098,-0.0
5.444444444444445,0.0,0.3278313982813844,1.0000000226614474,0.03075728053034755,0.030761580177482643,0.01232073751254056,0.01231970478011784,0.9138406992,0.6586271140383763,1.4480394907829242,2.9726684991509487,0.19659256325127616,-0.0
5.5,0.0,0.3235331205936501,1.0000000131351767,0.027262718210909396,0.0272629265051803,0.01581724380062027,0.015816413431304764,0.9138406992,0.6416154635076519,1.477923333536872,2.8668551045318447,0.21271027951971755,-0.0
5.555555555555555,0.0,0.31949928033451136,1.0000000312459785,0.03286831562386652,0.03287016584245143,0.010210937180351713,0.010209884922138467,0.9138406992,0.625474541394834,1.5071993886684594,2.7726234645151306,0.22826334288201533,-0.0
5.611111111111111,0.0,0.31571375369062343,1.0000000316647009,0.031397272222891744,0.03139907854700715,0.011682052921094662,0.011680899915741916,0.9138406992,0.6101844936251465,1.5358040187953699,2.6880806824178034,0.2432666856497976,-0.0
5.666666666666667,0.0,0.31216137600746535,1.0000000082130251,0.036510666207203446,0.0365110165899235,0.006568993131436387,0.006568625587695234,0.9138406992,0.5957523995595604,1.5636218641555097,2.6122529941170134,0.25763809125420556,-0.0
5.722222222222222,0.0,0.30882788913067255,1.000000008591497,0.03606637768721226,0.03606653908247244,0.007013385018411833,0.007012999760034502,0.9138406992,0.5821451206329816,1.5906138724268284,2.5432461310356995,0.2715249051361954,-0.0
5.777777777777778,0.0,0.3056998907589274,1.0000000042580306,0.03811366376221044,0.03811266696832319,0.004966707729597012,0.0049662627305217645,0.9138406992,0.5693372326587256,1.6167301260382563,2.4804313529125226,0.284881675580581,-0.0
5.833333333333333,0.0,0.3027647859281446,1.0000000022455136,0.038427510844975005,0.03842711323657559,0.004652580281630918,0.004652096649907329,0.9138406992,0.5572916051788213,1.641949287902383,2.4230736134811797,0.29771246507351834,-0.0
5.888888888888889,0.0,0.30001074068849676,0.9479860087325334,0.054577588739702226,0.03158165467483326,1.600857762380942e-08,4.280919672633609e-08,0.9138406992,0.5459693571044719,1.66626047862494,2.3705408769592298,0.3100268751528972,-0.0
5.944444444444445,0.0,0.2974266379951671,0.9383517423614121,0.05558293804787227,0.030576264699589236,2.722580302371236e-08,7.302131180051016e-08,0.9138406992,0.535329934070045,1.6896639395407,2.3224735509231262,0.3217922095668764,-0.0
6.0,0.0,0.2950020358010938,0.928748801677831,0.05650613890128779,0.02965297682655115,5.187941014452368e-08,1.3713568839018665e-07,0.9138406992,0.5253407690489234,1.7121494438400124,2.27811500804342,0.33309304335893497,-0.0
6.055555555555555,0.0,0.29272712731419287,0.9192362541671818,0.05735821527803769,0.028801024825875245,1.691285870848577e-08,4.4880211587062316e-08,0.9138406992,0.5159617013382984,1.733730907242796,2.2372857686456578,0.34388851128151265,-0.0
6.111111111111111,0.0,0.2905927033684646,0.9098566677823711,0.058147645143182033,0.028011614885373116,1.123010539781256e-08,3.017376441542711e-08,0.9138406992,0.5071747669863872,1.7543776741204153,2.1998563303016128,0.35413320730295417,-0.0
6.166666666666666,0.0,0.28859011683967606,0.9006337293610935,0.05888214582147504,0.027277088150651184,1.8226624871132372e-08,4.942225192484077e-08,0.9138406992,0.49891878584024985,1.7741670412722457,2.1645549325458684,0.3641097898912877,-0.0
6.222222222222222,0.0,0.2867112490328879,0.8915970503596279,0.05956704471433284,0.02659215333470765,3.1495406266503454e-08,7.370526318708607e-08,0.9138406992,0.49117495998852073,1.7930841111750333,2.132111159855838,0.37356045700670193,-0.0
6.277777777777778,0.0,0.2849484779608065,0.8827613531367815,0.060207384633046944,0.025951737167910927,4.893408206259443e-08,1.3193857036172508e-07,0.9138406992,0.4839027255227329,1.81117235078346,2.1018455210798903,0.3826283890093163,-0.0
6.333333333333333,0.0,0.2832946484301757,0.8741408085254208,0.060807296362830145,0.025351824146316405,4.844165697257534e-08,1.3351809359418243e-07,0.9138406992,0.4770876413337451,1.8284163115696814,2.0738330903868305,0.3912440723286581,-0.0
6.388888888888889,0.0,0.28174304385025517,0.8657445919564511,0.061370193206536784,0.024788806596005686,7.880074804523905e-08,2.23405735917908e-07,0.9138406992,0.47069314523605166,1.8448612605283183,2.0477780721974446,0.39945777235342805,-0.0
6.444444444444445,0.0,0.2802873596813748,0.8575801493008753,0.06189833078160018,0.024259400497202273,4.059283339060739e-07,1.1662137942535193e-06,0.9138406992,0.4646868818676552,1.8605479777103413,2.023689266069237,0.4072268691541221,-0.0
6.5,0.0,0.2789216784371095,0.8496385068291241,0.06239772211663778,0.02376096152295279,1.5414016599311828e-07,4.6334014480666173e-07,0.9138406992,0.45781458101203976,1.8787901889506426,2.0271496958253357,0.4061009048087474,-0.0
6.555555555555555,0.0,0.27764044615924904,0.8418711689697376,0.0628671701625732,0.023285989256624375,1.4648025287060913e-06,4.679847058741697e-06,0.9138406992,0.44858514150791623,1.903798200598593,2.0888327145323227,0.3866021310044103,-0.0
6.611111111111111,0.0,0.27643845028879577,0.834299610311979,0.06332081260594692,0.022838062998394575,9.706352995135951e-08,3.2827428559048037e-07,0.9138406992,0.43982929735943715,1.9280827822699154,2.1490591289316394,0.3685888519423739,-0.0
6.666666666666666,0.0,0.27531079885250265,0.8269322912135387,0.06374416826762992,0.02241119509064555,8.591871555121849e-07,3.0796637857157206e-06,0.9138406992,0.43150614772988416,1.95169292870124,2.2083384018273122,0.3517812492115471,-0.0
6.722222222222222,0.0,0.2742529008945616,0.8197762281095459,0.06415111792182741,0.02200786017103155,7.059921298529399e-08,2.527025338071188e-07,0.9138406992,0.42360139551950327,1.9746092534546833,2.266305231853744,0.3361765443725029,-0.0
6.777777777777778,0.0,0.2732604480817368,0.8128364604155112,0.06452556214532183,0.021622579728964694,2.233669669392863e-06,8.92675900278966e-06,0.9138406992,0.4161008373064017,1.9968147689668618,2.3229303576909093,0.3216787487756587,-0.0
6.833333333333333,0.0,0.2723293974145841,0.806116788881676,0.06477272200187316,0.021233078295850055,2.9524293644194146e-05,0.00012397868667216893,0.9138406992,0.40897726175917326,2.0183350506762987,2.3781937148462147,0.30819900126271893,-0.0
6.888888888888889,0.0,0.2714559549823366,0.7996203240664561,0.06467231552784795,0.02079472644301286,0.0001282456526937745,0.0005640135260488399,0.9138406992,0.4022184132274178,2.0391552545545366,2.4321342878074326,0.29564437055023474,-0.0
6.944444444444445,0.0,0.2706365606992115,0.7933485608352391,0.06461078287062383,0.020395671093641262,0.000205941964962046,0.0009469050851902664,0.9138406992,0.39580889099923416,2.059273133459225,2.484712230032284,0.28394910942436447,-0.0
7.0,0.0,0.26986787396545037,0.7873012036185651,0.0645900217724396,0.02003235727960191,0.0002650311251950355,0.0012718916204809878,0.9138406992,0.3897311126929394,2.078696866843978,2.535593056109715,0.2731149949012648,-0.0
7.055555555555555,0.0,0.2691467601986476,0.7814770215566064,0.06460638600341904,0.019700624555200823,0.0003086635470727658,0.0015436313830802144,0.9138406992,0.3839693817495458,2.097432426200547,2.5849628538819456,0.2630349515726993,-0.0
7.111111111111111,0.0,0.26847027818302555,0.7758737542283705,0.06465291321154602,0.019396299961109746,0.0003401210084037661,0.001769966938251804,0.9138406992,0.3785085844432322,2.1154873884720344,2.6329515552122587,0.2536257873152279,-0.0
7.166666666666666,0.0,0.26783566819001986,0.7704891205322957,0.06471289476908866,0.019114134985956134,0.0003640088117012945,0.001968266707160909,0.9138406992,0.3733343022842341,2.13287042325166,2.6795020950294917,0.244848360153624,-0.0
7.222222222222222,0.0,0.26724034082067083,0.765319446013929,0.06479391210465715,0.018853478445827358,0.00038001355936144487,0.0021318983597133677,0.9138406992,0.3684326603031137,2.1495916131829547,2.7245108026753053,0.23667502292087206,-0.0
7.277777777777778,0.0,0.2666818665309611,0.7603612744320668,0.0648819540031632,0.01861042511262835,0.0003914997745427696,0.0022754236951915466,0.9138406992,0.36379081520111856,2.1656605958679114,2.7679216945632263,0.2290714991904923,-0.0
7.333333333333333,0.0,0.2661579657956952,0.7559571557091488,0.06512686285258029,0.018424277060389495,0.0003719096861720915,0.0022362520720439,0.9138406992,0.35939568817138107,2.181090763861576,2.8098094487762024,0.22198464501569415,-0.0
7.388888888888889,0.0,0.2656664998735461,0.751061565056191,0.06509514064001916,0.018174190169688798,0.00040071746942178273,0.0024892527585514967,0.9138406992,0.35523508321479197,2.1958952966070084,2.85023766152891,0.21536879358519956,-0.0
7.444444444444445,0.0,0.2652054621378579,0.7492241428474299,0.06612904217446568,0.01823243920669866,0.0002426432605337963,0.0015551806360465895,0.9138406992,0.3512972604944642,2.2100884205858162,2.88917509255217,0.20919718825289002,-0.0
7.5,0.0,0.26477296993767313,0.7425978685719921,0.06529368815951726,0.01779064372217743,0.00040436667622298974,0.0026706086236486675,0.9138406992,0.34757107595354775,2.223684772397844,2.9265873493170997,0.20344587029707784,-0.0
7.555555555555555,0.0,0.2643672569575032,0.7454600261626707,0.06778284860273451,0.018260833517251444,1.4833755526136013e-05,0.00010078802875237053,0.9138406992,0.34404643074403757,2.2366975573862167,2.962689232462849,0.19805671082779774,-0.0
7.611111111111111,0.00010160365051379844,0.26398666604705445,0.734790435435955,0.06550373046882234,0.017449354636148388,0.000401554468584497,0.002804661303509197,0.9138406992,0.3407124657278944,2.2491449868828357,2.997118419322564,0.19305889919436292,-0.0
7.666666666666666,0.00042524042748323594,0.2636296424878967,0.7313964393022886,0.06568241262680784,0.017314794372485814,0.0003869733013935977,0.002775119830007288,0.9138406992,0.33756059248341985,2.2610390042538553,3.030509917064646,0.18834082647978168,-0.0
7.722222222222221,0.0007702764753794478,0.26329472767674666,0.7277313364499215,0.06570850857661736,0.01714984389659518,0.0003951903930933636,0.0029057583774730954,0.9138406992,0.3345805056889922,2.2723998548290867,3.062159420664531,0.18398171464917135,-0.0
7.777777777777778,0.001070203069329796,0.26298055319512725,0.7245684982601007,0.06583701241744018,0.017022077528638706,0.0003868483622183283,0.0029133627906272027,0.9138406992,0.3317641639706242,2.283241168856159,3.092651477002448,0.17988377129374022,-0.0
7.833333333333333,0.0013750231036007722,0.26268583524327055,0.7213289210306623,0.06589165951528853,0.016883188450996383,0.00038878383226396583,0.0029956693141424484,0.9138406992,0.32910291734637825,2.2935805398993203,3.121824656472991,0.17605382971722983,-0.0
7.888888888888889,0.0016549475432772976,0.26240936941761644,0.7183596113661043,0.06597540690922991,0.016761064785334547,0.0003856519640548756,0.0030371778270613767,0.9138406992,0.32658878397293856,2.303434613948881,3.149727689395314,0.17247158628343984,-0.0
7.944444444444445,0.0019208135364110171,0.26215002580834157,0.7155359702959018,0.06604173835864842,0.016644598147360114,0.00038410577606317947,0.0030888632135287765,0.9138406992,0.3242141229481305,2.3128201847202616,3.1763841229978422,0.16912153033591282,-0.0
8.0,0.0021730603825970895,0.2619067443987962,0.7128540044463002,0.06611043436653663,0.01653536250864474,0.00038179908178431044,0.0031317092059056197,0.9138406992,0.3219716685690051,2.3217539640315543,3.201838331799399,0.16598686370319338,-0.0
8.055555555555555,0.002412340772395601,0.26167853074914066,0.7103071727246255,0.06621268589321627,0.016435800373954708,0.000375157992542605,0.0031356597025871923,0.9138406992,0.31985451124765185,2.3302525095989237,3.2261225030541167,0.163053563774876,-0.0
8.11111111111111,0.002639202308373969,0.2614644519447243,0.7078900874207964,0.06629074797690761,0.01634011641195634,0.0003710457340520773,0.0031573936314647335,0.9138406992,0.31785604304500314,2.3383323630339703,3.2492800354198272,0.16030737411542062,-0.0
8.166666666666666,0.0028541977868956165,0.2612636327946654,0.7055972386080376,0.06636328071543326,0.016249752837062207,0.0003672627737111927,0.003179007400522483,0.9138406992,0.3159700332296747,2.346009631525605,3.271342120761725,0.1577365143799021,-0.0
8.222222222222221,0.0030578642045220386,0.2610752522645537,0.7034232418761616,0.06643300999546355,0.016164629584851303,0.0003635240957533908,0.0031981400323074422,0.9138406992,0.3141906754999487,2.3532996808853164,3.292348820278412,0.15532906551147185,-0.0
8.277777777777779,0.0032507195190440547,0.26089854012919683,0.7013628797166074,0.06649865139617003,0.01608433066187982,0.0003599962035127324,0.0032163256656688242,0.9138406992,0.3125119998817814,2.360219478058228,3.3123365795172255,0.1530743489893187,-0.0
8.333333333333332,0.0034332689503296376,0.2607327738320777,0.6994110319243335,0.06655831212705464,0.016008421373579745,0.00035689532688841985,0.0032356755370515447,0.9138406992,0.31092858348211194,2.366784593368901,3.331344763616104,0.1509621139098698,-0.0
8.38888888888889,0.0036059968762534814,0.2605772755372706,0.6975627729495923,0.06661532643004303,0.01593691697116176,0.000353870715802424,0.0032531906587801385,0.9138406992,0.3094352661939397,2.373010283937992,3.3494141545459666,0.14898264472845502,-0.0
8.444444444444445,0.003769375845064225,0.2604314093653567,0.695813270363973,0.0666697010548506,0.015869549967415263,0.00035094491524299414,0.0032691091510287876,0.9138406992,0.3080271682460334,2.3789113505393273,3.3665606673951505,0.14712951732383472,-0.0
8.5,0.003923859143164105,0.2602945787979181,0.6941578739840577,0.06672157468545997,0.015806097550373526,0.00034811155929655917,0.0032835215655054027,0.9138406992,0.30669961964995257,2.3845023497138156,3.382844188158394,0.1453920939794151,-0.0
8.555555555555555,0.0040698845881184855,0.26016622424373875,0.6925920745167367,0.06677111339381338,0.015746356639459926,0.000345356632714935,0.003296478855601573,0.9138406992,0.3054481688552019,2.3897975144527335,3.398330785065906,0.14375971160711787,-0.0
8.61111111111111,0.004207850586313216,0.2600458207546828,0.6911117839344775,0.06681838495853629,0.015690088383609926,0.00034271000713942347,0.0033081221238988115,0.9138406992,0.3042687188134698,2.394810109433809,3.4129673815729755,0.14223459972036756,-0.0
8.666666666666666,0.004338128352738229,0.2599328758816128,0.6897131959733561,0.0668635410128181,0.01563713675010762,0.0003401503728933849,0.003318477241266961,0.9138406992,0.3031572324238543,2.399553628365629,3.426842347021222,0.1408045309394601,-0.0
8.722222222222221,0.004400637054256722,0.2598269276659519,0.6890941038433264,0.067107055045026,0.01563258302769148,0.0003150639733134526,0.003104599401900047,0.9138406992,0.3021099014789868,2.4040410262755074,3.4400325294714644,0.13945903821151973,-0.0
8.777777777777779,0.004411740498923382,0.25972754275008486,0.6890650234254075,0.06747917250997562,0.015662253257639414,0.0002756511295996936,0.00274222409629428,0.9138406992,0.30112324215587355,2.4082842707688568,3.452479345625534,0.13820172715279155,-0.0
8.833333333333332,0.004687271324699407,0.25963431461096514,0.6859606854288346,0.06698508625951226,0.015495901304402619,0.0003332145459836211,0.0033451031640446866,0.9138406992,0.3001937970055127,2.412295576029888,3.464267324143822,0.1370219277647018,-0.0
8.88888888888889,0.00479072830240091,0.2595468618964801,0.6848476884245717,0.06702176772449256,0.015454284225545591,0.0003310852415318418,0.0033521681611814584,0.9138406992,0.2993183452032477,2.4160864588107733,3.475440524898151,0.13591342883634572,-0.0
8.944444444444445,0.004888480417183402,0.2594648268703166,0.6837954489731362,0.06705614800479331,0.01541502480003515,0.00032908913892254444,0.0033590439042082663,0.9138406992,0.29849378411183625,2.419668223210307,3.4860609185463494,0.13486854830179595,-0.0
9.0,0.0049806145963048444,0.25938787394891244,0.6828032982748605,0.06708913644119621,0.015378094199227524,0.0003271738544924439,0.0033649024369423407,0.9138406992,0.29771747299054657,2.4230504156695734,3.496001227363622,0.1338980938364982,-0.0
9.055555555555555,0.005067509816648436,0.2593156883299283,0.6818671565577904,0.06712707836146871,0.015343724888733482,0.0003247593166450601,0.0033637382706811765,0.9138406992,0.29698644706453553,2.42624424990928,3.505453090753976,0.13298215839470684,-0.0
9.11111111111111,0.005145097057498102,0.25924797470639205,0.6810345493509902,0.06716866713650582,0.015313974545667422,0.0003217159678290226,0.0033549436514229516,0.9138406992,0.29629821777034016,2.429259063203232,3.5143772008783536,0.13212337618222958,-0.0
9.166666666666666,0.005226608251178114,0.25918445606143053,0.6801521815521028,0.06718169943950807,0.015280074368985996,0.0003216480122342442,0.0033758799551046477,0.9138406992,0.29565033209923625,2.432104240670106,3.5228088669018742,0.1313173138599597,-0.0
9.222222222222221,0.005299457837547041,0.25912487253338157,0.6793663888846412,0.06719695604786503,0.015250441204127321,0.0003210638311309948,0.0033908419618720737,0.9138406992,0.29504048322556004,2.43478868585695,3.530775710936231,0.13056041579091127,-0.0
9.277777777777779,0.005117247162725933,0.25906898035472653,0.6815372208187565,0.06799602433977195,0.015397128014406009,0.00023802547087493724,0.0025281237491532817,0.9138406992,0.2944664364521866,2.4373211532802523,3.538332338167112,0.12984674121585127,-0.0
9.333333333333332,0.005432679633993898,0.25901655085767256,0.67792872526023,0.06725389573704145,0.01519803081306071,0.0003174502716007184,0.00338992580198005,0.9138406992,0.2939263033283765,2.4397089866903996,3.5453914079604463,0.1291836679977294,-0.0
9.38888888888889,0.005480835339422251,0.2589673695343225,0.677419091169334,0.06731614275037492,0.015182683698409239,0.00031198620373545845,0.003348490181072594,0.9138406992,0.29341794082647055,2.441960807447462,3.5521012435251373,0.12855672668451645,-0.0
9.444444444444445,0.005550910765034516,0.25892123516698407,0.6766519889763554,0.06729856353264506,0.015151258890942643,0.00031477213048367356,0.0033947082825111032,0.9138406992,0.2929395418205315,2.444083846372961,3.5584565017026755,0.12796587282659444,-0.0
9.5,0.0055101614858900005,0.2588779589978035,0.6771682948302036,0.0676055555120009,0.015194317577726782,0.00028391356012727535,0.003075516115927569,0.9138406992,0.29248957293886874,2.446084211727284,3.5643499126229337,0.12742039406214678,-0.0
9.555555555555555,0.005650913696063977,0.2588373639626432,0.6755753299714734,0.06735144196035214,0.015113017773585447,0.0003110401240716647,0.0033838028287701987,0.9138406992,0.29206612846392377,2.447969770635392,3.56996787517073,0.12690272857612994,-0.0
9.61111111111111,0.0057036635833370266,0.25879928396503216,0.675001232813957,0.06735416177494359,0.015090787730735935,0.00031153642532653393,0.00340281670485911,0.9138406992,0.2916677410494509,2.4497465103786773,3.5752652084833625,0.1264166207817663,-0.0
9.666666666666666,0.005641190658739847,0.2587635631959125,0.6757620922442144,0.06769485506355705,0.01514542083237894,0.00027742236672564897,0.003041604280887924,0.9138406992,0.2912929708440405,2.451420373644541,3.58026757236759,0.12595936955921094,-0.0
9.722222222222221,0.005791180731632502,0.25873005549920736,0.6740548000705421,0.06738590731208116,0.01505621449036323,0.0003096852500627488,0.003407495406795475,0.9138406992,0.29094045924839324,2.4529969922233374,3.5849655932349718,0.12553149689546617,-0.0
9.777777777777779,0.0057516830061989065,0.25869862377030306,0.6745446990943279,0.06763914408566515,0.015093645873141279,0.0002845997806367935,0.0031419127698404507,0.9138406992,0.2906088809846641,2.4544819104591182,3.5893962991943344,0.12512936391604068,-0.0
9.833333333333332,0.0058687149171565665,0.25866913939917285,0.6732158990603532,0.06741394276591826,0.01502562184608853,0.0003080521732364955,0.0034116855922981517,0.9138406992,0.29029699893999045,2.455880332156914,3.5935897305364897,0.12475001651701301,-0.0
9.88888888888889,0.005899227703814377,0.2586414817428709,0.6728894442825286,0.06744117893515866,0.015014898425518883,0.00030585414927237543,0.003397370854921479,0.9138406992,0.2900037169035764,2.457196867640941,3.5975062830194435,0.12439677417610362,-0.0
9.944444444444443,0.005720006750183244,0.25861553763158934,0.6749955275529578,0.06808912593517516,0.01514304748229229,0.00024113394940318187,0.0026859942877162533,0.9138406992,0.28972784760317916,2.458436580428363,3.601236778970889,0.12406131530750497,-0.0
10.0,0.005968616325968216,0.258591200905451,0.6721344244298876,0.06745011613172282,0.014986260672511145,0.000305945914980817,0.0034169795312335607,0.9138406992,0.2894684472534526,2.4596034732619025,3.60472907351152,0.1237481145765793,-0.0
10.055555555555555,0.005971469328048837,0.2585683719808958,0.6721241616528507,0.06754012077976415,0.014992261142963136,0.00029738325581543787,0.0033295371046773597,0.9138406992,0.2892245445251609,2.4607017033699945,3.6080035533973334,0.12345518458615246,-0.0
10.11111111111111,0.0060255772541315126,0.25854695744442746,0.6715175963563924,0.06747143991573441,0.01496391626299125,0.00030466732860277385,0.0034192787140325492,0.9138406992,0.28899504691987693,2.4617360132160533,3.611169034233368,0.12317276879299732,-0.0
10.166666666666666,0.00604690444323212,0.25852686967061456,0.6712901686443735,0.06749461574857865,0.014956731635330772,0.00030276687957596967,0.003405187867077308,0.9138406992,0.2887795401884349,2.4627080802479524,3.613992039202552,0.12292133839964525,-0.0
10.222222222222221,0.0060013359880921125,0.25850802645753096,0.6718379125235717,0.06771281563129114,0.014993315294029079,0.000281401474442755,0.003171769820375205,0.9138406992,0.28857648010619236,2.4636247633722057,3.616888711195495,0.12266416359559962,-0.0
10.277777777777779,0.005865827640962442,0.25849035070218396,0.6734283662778788,0.06819317104674781,0.01508848681464261,0.00023405151213855025,0.0026435923557907256,0.9138406992,0.2883855191006315,2.464487476220685,3.619642432607926,0.12242023488069265,-0.0
10.333333333333332,0.006119534723992387,0.2584737700756899,0.6705003302715259,0.06751091348528615,0.014927511303912715,0.0003020984867812629,0.0034187786816282416,0.9138406992,0.28820604808594713,2.465298851902837,3.6221965454495466,0.12219439877187321,-0.0
10.38888888888889,0.006079591445628022,0.2584582167255226,0.6709794915432934,0.06769788474841748,0.014959082068680959,0.00028389161394219253,0.0032184436407754822,0.9138406992,0.28803736886340575,2.466061945029673,3.624569464374213,0.12198493819680123,-0.0
10.444444444444443,0.006155228788689695,0.2584436270107255,0.6701162121349623,0.0675371114115415,0.014914573398745436,0.00030006643242948587,0.0034075507427149916,0.9138406992,0.28787881625960393,2.4667796731263083,3.62678495097042,0.12178969432078413,-0.0
10.5,0.00609040967508492,0.2584299412274151,0.6708822226908432,0.06778981381644165,0.014961679742001603,0.00027540663241491174,0.0031324017974614514,0.9138406992,0.28772976053547444,2.467454808496358,3.628877671807862,0.12160556774565379,-0.0
